AA ||| AA
Aar ||| Aar
Aarau ||| Aarau
Aaron ||| Aaron
Aaron ||| Aaron
Abbas ||| Abbas
Abbeville ||| Abbeville
Abel ||| Abel
Abel ||| Abel
Aberdeen ||| Aberdeen
Abidjan ||| Abidjan
Abner ||| Abner
Abraham ||| Abraham
Abraham ||| Abraham
Abraham ||| Abraham
ABS ||| ABS
Accra ||| Accra
Adam ||| Adam
Adam ||| Adam
Aden ||| Aden
Adige ||| Adige
ADSL ||| ADSL
Afar ||| Afar
Afghan ||| Afghan
Afghanistan ||| Afghanistan
Afrikaans ||| Afrikaans
Afrikaner ||| Afrikaner
Aguascalientes ||| Aguascalientes
Ain ||| Ain
Aisne ||| Aisne
Aisne ||| Aisne
Ajaccio ||| Ajaccio
Alabama ||| Alabama
Alabama ||| Alabama
Al-Andalus ||| Al-Andalus
Alaric ||| Alaric
Alaska ||| Alaska
Alban ||| Alban
Albany ||| Albany
Albert ||| Albert
Alberta ||| Alberta
Albin ||| Albin
Albion ||| Albion
Albireo ||| Albireo
Alecto ||| Alecto
Alexandra ||| Alexandra
Alfred ||| Alfred
Ali ||| Ali
Alice ||| Alice
Allah ||| Allah
Allier ||| Allier
Alpes-de-Haute-Provence ||| Alpes-de-Haute-Provence
Alpes-Maritimes ||| Alpes-Maritimes
Alsace ||| Alsace
Amanda ||| Amanda
Amiens ||| Amiens
Amish ||| Amish
Amman ||| Amman
Amos ||| Amos
Amsterdam ||| Amsterdam
AMT ||| AMT
Anastasia ||| Anastasia
Anatoli ||| Anatoli
Ancus ||| Ancus
Angevin ||| Angevin
Angola ||| Angola
Anguilla ||| Anguilla
Anguillan ||| Anguillan
Anjou ||| Anjou
Ankara ||| Ankara
Annam ||| Annam
Antigone ||| Antigone
Antilles ||| Antilles
Antoinette ||| Antoinette
Anubis ||| Anubis
Apache ||| Apache
Apache ||| Apache
Apache ||| Apache
Apache ||| Apache
Aphrodite ||| Aphrodite
Apollo ||| Apollo
Apollo ||| Apollo
Apollyon ||| Apollyon
Appius ||| Appius
Aquitaine ||| Aquitaine
Arapaho ||| Arapaho
Arcadius ||| Arcadius
Arcturus ||| Arcturus
Ardèche ||| Ardèche
Ardèche ||| Ardèche
Ardennes ||| Ardennes
Arezzo ||| Arezzo
Arezzo ||| Arezzo
Argo ||| Argo
Ariel ||| Ariel
Ariège ||| Ariège
Arius ||| Arius
Arizona ||| Arizona
Arkhangelsk ||| Arkhangelsk
Armageddon ||| Armageddon
Arminius ||| Arminius
Arthur ||| Arthur
Aruba ||| Aruba
Aruküla ||| Aruküla
Ascension ||| Ascension
Ascension ||| Ascension
Assam ||| Assam
Astana ||| Astana
Asti ||| Asti
Asti ||| Asti
Asunción ||| Asunción
Atayal ||| Atayal
Atilius ||| Atilius
Atlanta ||| Atlanta
Atlas ||| Atlas
Atlas ||| Atlas
Atlas ||| Atlas
ATM ||| ATM
Aube ||| Aube
Augusta ||| Augusta
Aulis ||| Aulis
Auschwitz ||| Auschwitz
Auschwitz ||| Auschwitz
Auvergne ||| Auvergne
Avellino ||| Avellino
Avellino ||| Avellino
Aveyron ||| Aveyron
Avignon ||| Avignon
Axel ||| Axel
Aymara ||| Aymara
Ayyavazhi ||| Ayyavazhi
Bach ||| Bach
Bahamas ||| Bahamas
Bali ||| Bali
Balkans ||| Balkans
Balthazar ||| Balthazar
Balzac ||| Balzac
Bangalore ||| Bangalore
Bangkok ||| Bangkok
Bangladesh ||| Bangladesh
Bangui ||| Bangui
Barbara ||| Barbara
Bari ||| Bari
Bari ||| Bari
Béarn ||| Béarn
Baruch ||| Baruch
Basque ||| Basque
Bas-Rhin ||| Bas-Rhin
Basseterre ||| Basseterre
Bastia ||| Bastia
Bastille ||| Bastille
Batman ||| Batman
Bats ||| Bats
Bats ||| Bats
Bayeux ||| Bayeux
BBC ||| BBC
Béchamp ||| Béchamp
Beatles ||| Beatles
Bebel ||| Bebel
Belfast ||| Belfast
Belgorod ||| Belgorod
Belgrade ||| Belgrade
Belize ||| Belize
Belluno ||| Belluno
Belluno ||| Belluno
Belmopan ||| Belmopan
Benghazi ||| Benghazi
Benjamin ||| Benjamin
Benjamin ||| Benjamin
Bergen ||| Bergen
Bergerac ||| Bergerac
Berlin ||| Berlin
Bernadette ||| Bernadette
Bernard ||| Bernard
Bible ||| Bible
Biella ||| Biella
Biella ||| Biella
Bitola ||| Bitola
Blanche ||| Blanche
Bloc ||| Bloc
Bloemfontein ||| Bloemfontein
Boer ||| Boer
Bogota ||| Bogota
Bollywood ||| Bollywood
Bolzano ||| Bolzano
Bonn ||| Bonn
Bordeaux ||| Bordeaux
Boris ||| Boris
Borjomi ||| Borjomi
Boston ||| Boston
Botswana ||| Botswana
Bouaké ||| Bouaké
Bouches-du-Rhône ||| Bouches-du-Rhône
Brabant ||| Brabant
Brabant ||| Brabant
Brescia ||| Brescia
Breton ||| Breton
BRIC ||| BRIC
Bridgetown ||| Bridgetown
Brindisi ||| Brindisi
Brindisi ||| Brindisi
Brisbane ||| Brisbane
Bristol ||| Bristol
Bruges ||| Bruges
Brunei ||| Brunei
Bruno ||| Bruno
Bruno ||| Bruno
Brunswick ||| Brunswick
Brutus ||| Brutus
Budapest ||| Budapest
Buffalo ||| Buffalo
Bujumbura ||| Bujumbura
Burundi ||| Burundi
Byblos ||| Byblos
C++ ||| C++
Cadix ||| Cadix
Cagliari ||| Cagliari
Cagliari ||| Cagliari
Calais ||| Calais
Calcutta ||| Calcutta
Caleb ||| Caleb
Calliope ||| Calliope
Callisto ||| Callisto
Caltanissetta ||| Caltanissetta
Calvados ||| Calvados
Camargue ||| Camargue
Cambridge ||| Cambridge
Campobasso ||| Campobasso
Campobasso ||| Campobasso
Camus ||| Camus
Canaan ||| Canaan
Canada ||| Canada
Canberra ||| Canberra
Cancer ||| Cancer
Cancer ||| Cancer
Cancer ||| Cancer
Cantal ||| Cantal
Canton ||| Canton
Caracalla ||| Caracalla
Caracas ||| Caracas
Cardiff ||| Cardiff
Caroline ||| Caroline
Carthage ||| Carthage
Casablanca ||| Casablanca
Casimir ||| Casimir
Castor ||| Castor
Castor ||| Castor
Catalan ||| Catalan
Catanzaro ||| Catanzaro
Catanzaro ||| Catanzaro
Catherine ||| Catherine
Cayenne ||| Cayenne
CD ||| CD
Cecina ||| Cecina
Celsius ||| Celsius
Centre ||| Centre
Champagne ||| Champagne
Champagne-Ardenne ||| Champagne-Ardenne
Charente ||| Charente
Charente-Maritime ||| Charente-Maritime
Charlemagne ||| Charlemagne
Charleroi ||| Charleroi
Charles ||| Charles
Charlotte ||| Charlotte
Charon ||| Charon
Chartres ||| Chartres
Cheerios ||| Cheerios
Chennai ||| Chennai
Cheyenne ||| Cheyenne
Chicago ||| Chicago
Chickasaw ||| Chickasaw
Chickasaw ||| Chickasaw
Chieti ||| Chieti
Chieti ||| Chieti
Chiron ||| Chiron
Chiron ||| Chiron
Chopin ||| Chopin
Christ ||| Christ
Christian ||| Christian
City ||| City
Claude ||| Claude
Cleveland ||| Cleveland
Coca-Cola ||| Coca-Cola
Cocoa ||| Cocoa
Cologne ||| Cologne
Colombo ||| Colombo
Comino ||| Comino
Commonwealth ||| Commonwealth
Confucius ||| Confucius
Congo ||| Congo
Congo ||| Congo
Congo ||| Congo
Connecticut ||| Connecticut
Conrad ||| Conrad
Constance ||| Constance
Constantinople ||| Constantinople
Corrèze ||| Corrèze
Cos ||| Cos
Cosenza ||| Cosenza
Cosenza ||| Cosenza
C-pop ||| C-pop
Cremona ||| Cremona
Creuse ||| Creuse
Crotone ||| Crotone
Côtes-d'Armor ||| Côtes-d'Armor
Cuba ||| Cuba
Curaçao ||| Curaçao
Curitiba ||| Curitiba
CV ||| CV
Cyclades ||| Cyclades
Cynthia ||| Cynthia
Dakar ||| Dakar
Dalian ||| Dalian
Daniel ||| Daniel
Daniel ||| Daniel
Danube ||| Danube
Darius ||| Darius
David ||| David
Davos ||| Davos
DDO ||| DDO
DEA ||| DEA
DEA ||| DEA
Debrecen ||| Debrecen
Deimos ||| Deimos
DELF ||| DELF
Deneb ||| Deneb
Denise ||| Denise
Dijon ||| Dijon
Djibouti ||| Djibouti
Doha ||| Doha
Dolomites ||| Dolomites
Donetsk ||| Donetsk
Dordogne ||| Dordogne
Dordogne ||| Dordogne
Douglas ||| Douglas
Dracula ||| Dracula
Drenthe ||| Drenthe
Drôme ||| Drôme
Druze ||| Druze
Dublin ||| Dublin
Dubrovnik ||| Dubrovnik
Dumas ||| Dumas
Durban ||| Durban
Dyle ||| Dyle
Edgar ||| Edgar
Edmonton ||| Edmonton
Einstein ||| Einstein
Emajõgi ||| Emajõgi
Emma ||| Emma
Emmanuel ||| Emmanuel
Enna ||| Enna
Enna ||| Enna
Ernest ||| Ernest
Esdras ||| Esdras
Essonne ||| Essonne
Esther ||| Esther
Esther ||| Esther
Eulalie ||| Eulalie
Eure ||| Eure
Eure-et-Loir ||| Eure-et-Loir
Europe ||| Europe
Eurovision ||| Eurovision
Eurydice ||| Eurydice
Excalibur ||| Excalibur
Excellence ||| Excellence
Fahrenheit ||| Fahrenheit
Fanny ||| Fanny
FAQ ||| FAQ
Fatah ||| Fatah
FBI ||| FBI
FET ||| FET
Führer ||| Führer
Führer ||| Führer
Finistère ||| Finistère
Fiona ||| Fiona
Flaubert ||| Flaubert
Flevoland ||| Flevoland
Florence ||| Florence
Florence ||| Florence
Florence ||| Florence
Foggia ||| Foggia
Fomalhaut ||| Fomalhaut
Forli ||| Forli
Forli ||| Forli
Fortuna ||| Fortuna
France ||| France
France ||| France
Franche-Comté ||| Franche-Comté
Fribourg ||| Fribourg
Frosinone ||| Frosinone
Frosinone ||| Frosinone
Funafuti ||| Funafuti
Gabon ||| Gabon
Gaborone ||| Gaborone
Gabriel ||| Gabriel
Gabriel ||| Gabriel
Garonne ||| Garonne
Gaza ||| Gaza
Georgetown ||| Georgetown
Gers ||| Gers
Ghana ||| Ghana
Gibraltar ||| Gibraltar
Gilbert ||| Gilbert
Gironde ||| Gironde
Glasgow ||| Glasgow
Goa ||| Goa
Goliath ||| Goliath
Gomel ||| Gomel
Gondwana ||| Gondwana
Gori ||| Gori
Gorizia ||| Gorizia
Gotland ||| Gotland
Gozo ||| Gozo
Grace ||| Grace
Graz ||| Graz
Grenoble ||| Grenoble
Grisons ||| Grisons
Grosseto ||| Grosseto
Grosseto ||| Grosseto
Grozny ||| Grozny
Guadalcanal ||| Guadalcanal
Guadeloupe ||| Guadeloupe
Guam ||| Guam
Guatemala ||| Guatemala
Gujarat ||| Gujarat
Gujarati ||| Gujarati
Guy ||| Guy
Guyana ||| Guyana
Haapsalu ||| Haapsalu
Haarlem ||| Haarlem
Hainaut ||| Hainaut
Halifax ||| Halifax
Halloween ||| Halloween
Hamas ||| Hamas
Hamilcar ||| Hamilcar
Hamlet ||| Hamlet
Han ||| Han
Hanse ||| Hanse
Haryana ||| Haryana
Hasdrubal ||| Hasdrubal
Haskell ||| Haskell
Haute-Loire ||| Haute-Loire
Haute-Vienne ||| Haute-Vienne
Hawaii ||| Hawaii
Hector ||| Hector
Hector ||| Hector
Hegel ||| Hegel
Helsinki ||| Helsinki
Helvétius ||| Helvétius
Herm ||| Herm
Herm ||| Herm
Hermione ||| Hermione
Hesse ||| Hesse
Hezbollah ||| Hezbollah
Hilda ||| Hilda
Hitler ||| Hitler
Hollywood ||| Hollywood
Hollywood ||| Hollywood
Holodomor ||| Holodomor
Homs ||| Homs
Honduras ||| Honduras
Honiara ||| Honiara
Honolulu ||| Honolulu
Horace ||| Horace
Hérault ||| Hérault
HTML ||| HTML
Huaqiao ||| Huaqiao
Hubert ||| Hubert
Hugo ||| Hugo
Hun ||| Hun
Hus ||| Hus
Hypnos ||| Hypnos
Ibo ||| Ibo
Idaho ||| Idaho
Illinois ||| Illinois
Imperia ||| Imperia
Indiana ||| Indiana
Indianapolis ||| Indianapolis
Indre ||| Indre
Ingrid ||| Ingrid
Inquisition ||| Inquisition
Interlingua ||| Interlingua
Internet ||| Internet
Inverness ||| Inverness
Io ||| Io
Iowa ||| Iowa
Iran ||| Iran
Iraq ||| Iraq
Iris ||| Iris
Iris ||| Iris
Iroquois ||| Iroquois
Iroquois ||| Iroquois
Iroquois ||| Iroquois
Irrawaddy ||| Irrawaddy
Isaac ||| Isaac
Isaac ||| Isaac
Isernia ||| Isernia
Isernia ||| Isernia
Islam ||| Islam
Isratine ||| Isratine
Issa ||| Issa
Istanbul ||| Istanbul
Ivalo ||| Ivalo
Ivan ||| Ivan
Ivanovo ||| Ivanovo
Ixion ||| Ixion
Ixion ||| Ixion
Jacob ||| Jacob
Jacob ||| Jacob
Jacqueline ||| Jacqueline
Jade ||| Jade
Jahannam ||| Jahannam
Jalalabad ||| Jalalabad
Janus ||| Janus
Janus ||| Janus
Jap ||| Jap
Jasmine ||| Jasmine
Jason ||| Jason
Jason ||| Jason
Java ||| Java
Java ||| Java
Jeannette ||| Jeannette
Jedi ||| Jedi
Jersey ||| Jersey
Jessica ||| Jessica
Jharkhand ||| Jharkhand
Joachim ||| Joachim
Job ||| Job
Job ||| Job
Johannesburg ||| Johannesburg
Jonathan ||| Jonathan
Jonathan ||| Jonathan
Jordan ||| Jordan
Joseph ||| Joseph
Joseph ||| Joseph
J-pop ||| J-pop
Judas ||| Judas
Judith ||| Judith
Judith ||| Judith
Judith ||| Judith
Juneau ||| Juneau
Jupiter ||| Jupiter
Jupiter ||| Jupiter
Justin ||| Justin
Justine ||| Justine
K2 ||| K2
Kabyle ||| Kabyle
Kaiser ||| Kaiser
Kaliningrad ||| Kaliningrad
Karachi ||| Karachi
Karlovac ||| Karlovac
Karnataka ||| Karnataka
Katanga ||| Katanga
Kavala ||| Kavala
Kazakh ||| Kazakh
Kazakhstan ||| Kazakhstan
Kazan ||| Kazan
Kemerovo ||| Kemerovo
Kentucky ||| Kentucky
Kenya ||| Kenya
KGB ||| KGB
Khabarovsk ||| Khabarovsk
Kharkiv ||| Kharkiv
Khartoum ||| Khartoum
Khinalug ||| Khinalug
Khoisan ||| Khoisan
Kiev ||| Kiev
Kihnu ||| Kihnu
Kim ||| Kim
Kiribati ||| Kiribati
Klingon ||| Klingon
Knesset ||| Knesset
Košice ||| Košice
Komondor ||| Komondor
Komsomol ||| Komsomol
Komsomolsk ||| Komsomolsk
Kosovo ||| Kosovo
K-pop ||| K-pop
Krasnodar ||| Krasnodar
Kremlin ||| Kremlin
Krishna ||| Krishna
Kırklareli ||| Kırklareli
Kurdistan ||| Kurdistan
Kyoto ||| Kyoto
Ladakh ||| Ladakh
Lagos ||| Lagos
Lambert ||| Lambert
Lambert ||| Lambert
Lamia ||| Lamia
Languedoc ||| Languedoc
Languedoc-Roussillon ||| Languedoc-Roussillon
Laos ||| Laos
L'Aquila ||| L'Aquila
L'Aquila ||| L'Aquila
Lara ||| Lara
Latina ||| Latina
Latina ||| Latina
Latium ||| Latium
Lausanne ||| Lausanne
Lecce ||| Lecce
Lecce ||| Lecce
Lecco ||| Lecco
Lecco ||| Lecco
Leipzig ||| Leipzig
Lesbos ||| Lesbos
Leslie ||| Leslie
Lesotho ||| Lesotho
Levant ||| Levant
Liberia ||| Liberia
Liechtenstein ||| Liechtenstein
Liège ||| Liège
Lima ||| Lima
Limassol ||| Limassol
Limousin ||| Limousin
Linz ||| Linz
Lionel ||| Lionel
Liverpool ||| Liverpool
Liverpool ||| Liverpool
Ljubljana ||| Ljubljana
Lodi ||| Lodi
Lodi ||| Lodi
Loir ||| Loir
Loire ||| Loire
Loire-Atlantique ||| Loire-Atlantique
Loiret ||| Loiret
London ||| London
Longyearbyen ||| Longyearbyen
Lorient ||| Lorient
Lorraine ||| Lorraine
Lot-et-Garonne ||| Lot-et-Garonne
Louis ||| Louis
Louise ||| Louise
Louvain ||| Louvain
Lozère ||| Lozère
Lucas ||| Lucas
Lucerne ||| Lucerne
Lucifer ||| Lucifer
Lusaka ||| Lusaka
Luxembourg ||| Luxembourg
Lviv ||| Lviv
Lynx ||| Lynx
Macerata ||| Macerata
Macerata ||| Macerata
Madagascar ||| Madagascar
Madras ||| Madras
Madrid ||| Madrid
Maghreb ||| Maghreb
Mahorais ||| Mahorais
Maine ||| Maine
Maine ||| Maine
Malé ||| Malé
Malawi ||| Malawi
Maldives ||| Maldives
Mali ||| Mali
Mamoudzou ||| Mamoudzou
Manama ||| Manama
Mangalore ||| Mangalore
Manipur ||| Manipur
Manitoba ||| Manitoba
Maori ||| Maori
Marathon ||| Marathon
Marcius ||| Marcius
Marina ||| Marina
Marius ||| Marius
Marne ||| Marne
Marne ||| Marne
Marrakech ||| Marrakech
Mars ||| Mars
Mars ||| Mars
Mars ||| Mars
Marseillais ||| Marseillais
Martial ||| Martial
Martin ||| Martin
Martinique ||| Martinique
Marx ||| Marx
Massachusetts ||| Massachusetts
Matera ||| Matera
Matera ||| Matera
Matsuyama ||| Matsuyama
Matthias ||| Matthias
Matthias ||| Matthias
Maud ||| Maud
Maurice ||| Maurice
Mauser ||| Mauser
Maya ||| Maya
Mayenne ||| Mayenne
Mayotte ||| Mayotte
McDonald's ||| McDonald's
McIntosh ||| McIntosh
Meaco ||| Meaco
Melbourne ||| Melbourne
Memphis ||| Memphis
Merkel ||| Merkel
Merlin ||| Merlin
Meuse ||| Meuse
Mexico ||| Mexico
Mexico ||| Mexico
Midas ||| Midas
Milan ||| Milan
Milan ||| Milan
Mimas ||| Mimas
Minsk ||| Minsk
Mira ||| Mira
Miranda ||| Miranda
Mississippi ||| Mississippi
Mississippi ||| Mississippi
Missouri ||| Missouri
Missouri ||| Missouri
MITI ||| MITI
Mizar ||| Mizar
Molise ||| Molise
Monaco ||| Monaco
Monaco ||| Monaco
Monégasque ||| Monégasque
Mons ||| Mons
Montevideo ||| Montevideo
Montpellier ||| Montpellier
Montserrat ||| Montserrat
Morbihan ||| Morbihan
Moselle ||| Moselle
Mozambique ||| Mozambique
Mérida ||| Mérida
MTC ||| MTC
Muhu ||| Muhu
Munich ||| Munich
Myanmar ||| Myanmar
Nadia ||| Nadia
Nagykanizsa ||| Nagykanizsa
Nahum ||| Nahum
Nairobi ||| Nairobi
Naissaar ||| Naissaar
Nakhodka ||| Nakhodka
Namur ||| Namur
Namur ||| Namur
Nantes ||| Nantes
Naples ||| Naples
Naples ||| Naples
Narva ||| Narva
NASA ||| NASA
Nassau ||| Nassau
Nathan ||| Nathan
Nathan ||| Nathan
Nauru ||| Nauru
Navajo ||| Navajo
Navarre ||| Navarre
Naypyidaw ||| Naypyidaw
Nazareth ||| Nazareth
Nazi ||| Nazi
N'Djamena ||| N'Djamena
Neptune ||| Neptune
Neptune ||| Neptune
Nessie ||| Nessie
Nessie ||| Nessie
Neuchâtel ||| Neuchâtel
Nevada ||| Nevada
NG ||| NG
Niamey ||| Niamey
Nicaragua ||| Nicaragua
Nice ||| Nice
Niger ||| Niger
Nigeria ||| Nigeria
Niigata ||| Niigata
Nina ||| Nina
Nintendo ||| Nintendo
Nièvre ||| Nièvre
Nord-Pas-de-Calais ||| Nord-Pas-de-Calais
Nouakchott ||| Nouakchott
Nouméa ||| Nouméa
Novgorod ||| Novgorod
Nunavut ||| Nunavut
Nuoro ||| Nuoro
Nuoro ||| Nuoro
Nuremberg ||| Nuremberg
Nuuk ||| Nuuk
Nyx ||| Nyx
Öland ||| Öland
Obama ||| Obama
Odessa ||| Odessa
Odin ||| Odin
Oise ||| Oise
OK ||| OK
Oman ||| Oman
Omsk ||| Omsk
Ontario ||| Ontario
Ophiuchus ||| Ophiuchus
Oran ||| Oran
Orange ||| Orange
Orcus ||| Orcus
Oriental ||| Oriental
Orion ||| Orion
Orion ||| Orion
Oristano ||| Oristano
Oristano ||| Oristano
Osaka ||| Osaka
Oscar ||| Oscar
Oslo ||| Oslo
Osmussaar ||| Osmussaar
Ostrogoth ||| Ostrogoth
Ottawa ||| Ottawa
Ouagadougou ||| Ouagadougou
Overijssel ||| Overijssel
Oxford ||| Oxford
Pakistan ||| Pakistan
Palestine ||| Palestine
Palestine ||| Palestine
Palestine ||| Palestine
Palestine ||| Palestine
Pallas ||| Pallas
Pamir ||| Pamir
Pan ||| Pan
Panaji ||| Panaji
Panama ||| Panama
Papeete ||| Papeete
Paracel ||| Paracel
Paraguay ||| Paraguay
Paramaribo ||| Paramaribo
Paris ||| Paris
Paris ||| Paris
Paris ||| Paris
Pascal ||| Pascal
PAT ||| PAT
Patricia ||| Patricia
Paul ||| Paul
Paul ||| Paul
Paulette ||| Paulette
Pentium ||| Pentium
Perm ||| Perm
Perpignan ||| Perpignan
Perth ||| Perth
Perth ||| Perth
Pescara ||| Pescara
Pescara ||| Pescara
Peshawar ||| Peshawar
Peugeot ||| Peugeot
Peugeot ||| Peugeot
Phaistos ||| Phaistos
Philippines ||| Philippines
Phobos ||| Phobos
Phoenix ||| Phoenix
Picard ||| Picard
Pichilemu ||| Pichilemu
Pierrot ||| Pierrot
Pilsen ||| Pilsen
PIN ||| PIN
Pistoia ||| Pistoia
Pistoia ||| Pistoia
PlayStation ||| PlayStation
Podgorica ||| Podgorica
Poitiers ||| Poitiers
Pollux ||| Pollux
Pollux ||| Pollux
Pordenone ||| Pordenone
Pordenone ||| Pordenone
Pori ||| Pori
Port-au-Prince ||| Port-au-Prince
Portsmouth ||| Portsmouth
Portugal ||| Portugal
Potenza ||| Potenza
Potenza ||| Potenza
Prague ||| Prague
Prato ||| Prato
Prato ||| Prato
Priam ||| Priam
Pringle ||| Pringle
Pärnu ||| Pärnu
Procyon ||| Procyon
Prohibition ||| Prohibition
Provence ||| Provence
Providence ||| Providence
Pula ||| Pula
Pune ||| Pune
Puy-de-Dôme ||| Puy-de-Dôme
Pyongyang ||| Pyongyang
Pyrénées-Atlantiques ||| Pyrénées-Atlantiques
Python ||| Python
Python ||| Python
Qatar ||| Qatar
Quaoar ||| Quaoar
Queensland ||| Queensland
Quentin ||| Quentin
Quidditch ||| Quidditch
Quito ||| Quito
Rachel ||| Rachel
Rakvere ||| Rakvere
Randolph ||| Randolph
Raymond ||| Raymond
RDP ||| RDP
Reading ||| Reading
Rebecca ||| Rebecca
Reich ||| Reich
Reims ||| Reims
Renaissance ||| Renaissance
Rennes ||| Rennes
Rhodes ||| Rhodes
Rhodes ||| Rhodes
Richard ||| Richard
Rieti ||| Rieti
Rieti ||| Rieti
Riga ||| Riga
Rigel ||| Rigel
Rimini ||| Rimini
Rimini ||| Rimini
Robert ||| Robert
Robin ||| Robin
Robin ||| Robin
Roger ||| Roger
Roland ||| Roland
Rom ||| Rom
Rome ||| Rome
Ronan ||| Ronan
Rosalie ||| Rosalie
Rose ||| Rose
Rouen ||| Rouen
Rovaniemi ||| Rovaniemi
Roya ||| Roya
Réunion ||| Réunion
Ruth ||| Ruth
Rzeczpospolita ||| Rzeczpospolita
Sacramento ||| Sacramento
Sahara ||| Sahara
Saint ||| Saint
Saint-Denis ||| Saint-Denis
Saint-Malo ||| Saint-Malo
Saint-Pierre ||| Saint-Pierre
Salekhard ||| Salekhard
Samantha ||| Samantha
Samara ||| Samara
Samoa ||| Samoa
Samos ||| Samos
Samos ||| Samos
Samson ||| Samson
Samuel ||| Samuel
Sanaa ||| Sanaa
Saône ||| Saône
Sappho ||| Sappho
Sapporo ||| Sapporo
Sarah ||| Sarah
Sarajevo ||| Sarajevo
Saratov ||| Saratov
Sarkozy ||| Sarkozy
Sarthe ||| Sarthe
Saskatchewan ||| Saskatchewan
Saskatoon ||| Saskatoon
Sassari ||| Sassari
Satan ||| Satan
Saul ||| Saul
Schaerbeek ||| Schaerbeek
Schleswig-Holstein ||| Schleswig-Holstein
Scrabble ||| Scrabble
Scylla ||| Scylla
Sedna ||| Sedna
Seine ||| Seine
Serbophile ||| Serbophile
Serbophile ||| Serbophile
Seth ||| Seth
Severn ||| Severn
Seychelles ||| Seychelles
Seychellois ||| Seychellois
Shakespeare ||| Shakespeare
Shanghai ||| Shanghai
Siam ||| Siam
Sichuan ||| Sichuan
Sidon ||| Sidon
Simferopol ||| Simferopol
Simon ||| Simon
Simon ||| Simon
Simone ||| Simone
Sion ||| Sion
Sirius ||| Sirius
Smolensk ||| Smolensk
SMS ||| SMS
Sofia ||| Sofia
Somaliland ||| Somaliland
Sondrio ||| Sondrio
Sondrio ||| Sondrio
Sorbonne ||| Sorbonne
Spartacus ||| Spartacus
SPCUM ||| SPCUM
Sphinx ||| Sphinx
Sphynx ||| Sphynx
Split ||| Split
Sporades ||| Sporades
Spree ||| Spree
SPVM ||| SPVM
SQ ||| SQ
Srebrenica ||| Srebrenica
Sûreté ||| Sûreté
Sûreté ||| Sûreté
Stockholm ||| Stockholm
Stonehenge ||| Stonehenge
Strasbourg ||| Strasbourg
Stuttgart ||| Stuttgart
Styx ||| Styx
Suez ||| Suez
Sulawesi ||| Sulawesi
Sumatra ||| Sumatra
Superman ||| Superman
Svalbard ||| Svalbard
Swazi ||| Swazi
Swaziland ||| Swaziland
Sydney ||| Sydney
Syracuse ||| Syracuse
Syracuse ||| Syracuse
Syracuse ||| Syracuse
Tainan ||| Tainan
Taipei ||| Taipei
Taliban ||| Taliban
Tallinn ||| Tallinn
Talmud ||| Talmud
Tampere ||| Tampere
Tanganyika ||| Tanganyika
Tania ||| Tania
Tarn ||| Tarn
Tartu ||| Tartu
Tatar ||| Tatar
Tatarstan ||| Tatarstan
Tatiana ||| Tatiana
Taurus ||| Taurus
Teramo ||| Teramo
Teramo ||| Teramo
Terni ||| Terni
Terni ||| Terni
Tetris ||| Tetris
Teuton ||| Teuton
Texan ||| Texan
Thanatos ||| Thanatos
Thing ||| Thing
Thira ||| Thira
Thomas ||| Thomas
Thomas ||| Thomas
Thomas ||| Thomas
Thrace ||| Thrace
Thuban ||| Thuban
Tianjin ||| Tianjin
Tibet ||| Tibet
Timișoara ||| Timișoara
Tirana ||| Tirana
Titan ||| Titan
Titan ||| Titan
Titania ||| Titania
Titanic ||| Titanic
Tobago ||| Tobago
Togo ||| Togo
Tokyo ||| Tokyo
Tonga ||| Tonga
Toronto ||| Toronto
Tory ||| Tory
Toulouse ||| Toulouse
Trapani ||| Trapani
Trapani ||| Trapani
Trieste ||| Trieste
Trieste ||| Trieste
Trifluvien ||| Trifluvien
Trifluvien ||| Trifluvien
Tripoli ||| Tripoli
Tristan ||| Tristan
Triton ||| Triton
T-shirt ||| T-shirt
Tsonga ||| Tsonga
Tunis ||| Tunis
Turin ||| Turin
Turin ||| Turin
Turkestan ||| Turkestan
Turku ||| Turku
Tuvalu ||| Tuvalu
Tuzla ||| Tuzla
Udine ||| Udine
Udine ||| Udine
UEFA ||| UEFA
Ukraine ||| Ukraine
Ulric ||| Ulric
Umbriel ||| Umbriel
Unicode ||| Unicode
Universiade ||| Universiade
Unix ||| Unix
Uranus ||| Uranus
Uri ||| Uri
URL ||| URL
Uruguay ||| Uruguay
Usedom ||| Usedom
Usenet ||| Usenet
Utah ||| Utah
Utrecht ||| Utrecht
Utrecht ||| Utrecht
Utsunomiya ||| Utsunomiya
Vé ||| Vé
Vaduz ||| Vaduz
Valais ||| Valais
Valencia ||| Valencia
Valens ||| Valens
Vancouver ||| Vancouver
Vanessa ||| Vanessa
Vanuatu ||| Vanuatu
Var ||| Var
Varus ||| Varus
Vatican ||| Vatican
Vaucluse ||| Vaucluse
Vendée ||| Vendée
Vendée ||| Vendée
Venezuela ||| Venezuela
Vera ||| Vera
Vermont ||| Vermont
Verne ||| Verne
Vesta ||| Vesta
Vesta ||| Vesta
Vichy ||| Vichy
Victor ||| Victor
Vientiane ||| Vientiane
Vilnius ||| Vilnius
Vincent ||| Vincent
Vitebsk ||| Vitebsk
VJ ||| VJ
Vladika ||| Vladika
Vladimir ||| Vladimir
Vladimir ||| Vladimir
Vladivostok ||| Vladivostok
Volgograd ||| Volgograd
Volos ||| Volos
Vormsi ||| Vormsi
Vosges ||| Vosges
VSL ||| VSL
Vulgate ||| Vulgate
Washington ||| Washington
Wellington ||| Wellington
Winnipeg ||| Winnipeg
Wolfgang ||| Wolfgang
Worms ||| Worms
Wyoming ||| Wyoming
X ||| X
X ||| X
Xavier ||| Xavier
Xhosa ||| Xhosa
Xinjiang ||| Xinjiang
Yahweh ||| Yahweh
Yalta ||| Yalta
Yaoundé ||| Yaoundé
Yap ||| Yap
York ||| York
Yorkshire ||| Yorkshire
Yucatán ||| Yucatán
Yukon ||| Yukon
Yvelines ||| Yvelines
Yvonne ||| Yvonne
Zagreb ||| Zagreb
Zanzibar ||| Zanzibar
Zelda ||| Zelda
Zemfira ||| Zemfira
Zetland ||| Zetland
Zeus ||| Zeus
Zeuxis ||| Zeuxis
Zimbabwe ||| Zimbabwe
Zumba ||| Zumba
Île-de-France ||| Île-de-France
