abactor ||| abactor
abasia ||| abasia
abciximab ||| abciximab
abdominal ||| abdominal
abiu ||| abiu
ablaut ||| ablaut
abort ||| abort
abracadabra ||| abracadabra
abscissa ||| abscissa
academia ||| academia
ace ||| ace
acerola ||| acerola
acne ||| acne
acne ||| acne
acre ||| acre
adhan ||| adhan
adobe ||| adobe
adrenal ||| adrenal
adverbial ||| adverbial
adverbial ||| adverbial
aero- ||| aero-
agave ||| agave
ah ||| ah
ahu ||| ahu
airbag ||| airbag
albedo ||| albedo
albino ||| albino
alga ||| alga
aloe ||| aloe
alpaca ||| alpaca
al-Qaeda ||| al-Qaeda
altar ||| altar
altitude ||| altitude
altitude ||| altitude
altitude ||| altitude
altitude ||| altitude
amanita ||| amanita
ambrosia ||| ambrosia
amoral ||| amoral
amoral ||| amoral
ampere ||| ampere
anal ||| anal
anal ||| anal
analgesia ||| analgesia
ancestral ||| ancestral
andrewsarchus ||| andrewsarchus
anemia ||| anemia
angstrom ||| angstrom
anilingus ||| anilingus
animal ||| animal
animal ||| animal
animal ||| animal
animal ||| animal
animal ||| animal
anoa ||| anoa
anorexia ||| anorexia
anti- ||| anti-
aorta ||| aorta
apartheid ||| apartheid
apartheid ||| apartheid
are ||| are
arena ||| arena
aroma ||| aroma
arsenal ||| arsenal
arterial ||| arterial
articular ||| articular
artificial ||| artificial
artificial ||| artificial
asplenia ||| asplenia
ataraxia ||| ataraxia
atemporal ||| atemporal
atlas ||| atlas
atlas ||| atlas
atonal ||| atonal
audiovisual ||| audiovisual
auditor ||| auditor
aura ||| aura
aurora ||| aurora
austral ||| austral
austral ||| austral
auteur ||| auteur
avalanche ||| avalanche
avatar ||| avatar
avatar ||| avatar
backspace ||| backspace
backup ||| backup
backup ||| backup
badminton ||| badminton
bagel ||| bagel
baht ||| baht
baksheesh ||| baksheesh
balaclava ||| balaclava
balalaika ||| balalaika
balun ||| balun
banal ||| banal
banana ||| banana
banjo ||| banjo
banner ||| banner
banner ||| banner
banya ||| banya
bar ||| bar
bar ||| bar
bar ||| bar
baronial ||| baronial
base ||| base
base ||| base
base ||| base
base ||| base
base ||| base
base ||| base
base ||| base
base ||| base
base ||| base
baud ||| baud
beluga ||| beluga
beta ||| beta
beta ||| beta
bezoar ||| bezoar
bi- ||| bi-
bibimbap ||| bibimbap
biblio- ||| biblio-
bibliomania ||| bibliomania
bicameral ||| bicameral
bidimensional ||| bidimensional
bilabial ||| bilabial
bilateral ||| bilateral
bilateral ||| bilateral
bile ||| bile
bingo ||| bingo
binomial ||| binomial
bio- ||| bio-
bipolar ||| bipolar
bipolar ||| bipolar
biryani ||| biryani
bit ||| bit
bit ||| bit
bit ||| bit
blazer ||| blazer
blitzkrieg ||| blitzkrieg
blog ||| blog
blues ||| blues
blues ||| blues
blush ||| blush
bogatyr ||| bogatyr
bonsai ||| bonsai
bonsai ||| bonsai
boom ||| boom
boreal ||| boreal
bougainvillea ||| bougainvillea
boutique ||| boutique
bowls ||| bowls
boxer ||| boxer
bratwurst ||| bratwurst
bridge ||| bridge
brioche ||| brioche
bronze ||| bronze
bronze ||| bronze
brownie ||| brownie
brunch ||| brunch
brutal ||| brutal
brutal ||| brutal
buffer ||| buffer
bukkake ||| bukkake
bulldog ||| bulldog
bullying ||| bullying
bullying ||| bullying
byte ||| byte
cabana ||| cabana
café ||| café
cafeteria ||| cafeteria
caipirinha ||| caipirinha
camping ||| camping
campus ||| campus
canal ||| canal
canistel ||| canistel
capital ||| capital
capital ||| capital
capital ||| capital
capoeira ||| capoeira
caponata ||| caponata
cappuccino ||| cappuccino
cappuccino ||| cappuccino
caracal ||| caracal
cardinal ||| cardinal
cardiovascular ||| cardiovascular
catatonia ||| catatonia
catgirl ||| catgirl
causal ||| causal
caviar ||| caviar
celestial ||| celestial
cendrée ||| cendrée
central ||| central
central ||| central
central ||| central
cereal ||| cereal
cerebral ||| cerebral
chakra ||| chakra
champignon ||| champignon
chance ||| chance
chaser ||| chaser
chat ||| chat
checksum ||| checksum
cheesecake ||| cheesecake
chef ||| chef
cheque ||| cheque
chernozem ||| chernozem
chili ||| chili
chili ||| chili
chili ||| chili
chip ||| chip
chips ||| chips
chocolate ||| chocolate
chocolate ||| chocolate
chocolate ||| chocolate
chocolate ||| chocolate
chocolate ||| chocolate
churro ||| churro
chutney ||| chutney
cicerone ||| cicerone
cinema ||| cinema
circular ||| circular
circular ||| circular
circumpolar ||| circumpolar
civil ||| civil
cloaca ||| cloaca
clone ||| clone
clone ||| clone
clone ||| clone
cluster ||| cluster
cluster ||| cluster
cobra ||| cobra
coca ||| coca
cola ||| cola
colorectal ||| colorectal
colossal ||| colossal
colza ||| colza
coma ||| coma
compliance ||| compliance
compost ||| compost
concertina ||| concertina
condor ||| condor
cone ||| cone
cone ||| cone
cone ||| cone
conjectural ||| conjectural
consular ||| consular
continental ||| continental
continental ||| continental
continental ||| continental
copra ||| copra
coral ||| coral
coral ||| coral
coral ||| coral
coronal ||| coronal
coronal ||| coronal
corporal ||| corporal
corporal ||| corporal
cosmos ||| cosmos
cosplay ||| cosplay
cottage ||| cottage
coulomb ||| coulomb
country ||| country
cover ||| cover
crack ||| crack
crawl ||| crawl
crepuscular ||| crepuscular
crepuscular ||| crepuscular
crime ||| crime
crime ||| crime
criminal ||| criminal
croissant ||| croissant
crucial ||| crucial
crucial ||| crucial
cruel ||| cruel
cruzeiro ||| cruzeiro
cul-de-sac ||| cul-de-sac
cult ||| cult
cultural ||| cultural
curry ||| curry
dacha ||| dacha
dachshund ||| dachshund
dauphin ||| dauphin
deadlock ||| deadlock
debate ||| debate
debate ||| debate
debate ||| debate
decibel ||| decibel
decimal ||| decimal
decimal ||| decimal
decimal ||| decimal
delta ||| delta
delta ||| delta
delta ||| delta
dengue ||| dengue
designer ||| designer
detective ||| detective
di- ||| di-
diabetes ||| diabetes
diagonal ||| diagonal
diagonal ||| diagonal
diagonal ||| diagonal
diagonal ||| diagonal
dialectal ||| dialectal
diazepam ||| diazepam
didgeridoo ||| didgeridoo
diesel ||| diesel
digital ||| digital
digital ||| digital
digital ||| digital
diglossia ||| diglossia
dinar ||| dinar
dingo ||| dingo
diocese ||| diocese
diploma ||| diploma
disco ||| disco
distal ||| distal
divisor ||| divisor
dobra ||| dobra
doge ||| doge
dogma ||| dogma
dogma ||| dogma
dogma ||| dogma
dorsal ||| dorsal
dorsal ||| dorsal
dose ||| dose
dose ||| dose
doula ||| doula
download ||| download
drama ||| drama
drama ||| drama
drama ||| drama
drama ||| drama
dreidel ||| dreidel
dual ||| dual
ductal ||| ductal
duma ||| duma
ebonite ||| ebonite
e-book ||| e-book
eclipse ||| eclipse
eco- ||| eco-
ecstasy ||| ecstasy
eczema ||| eczema
edema ||| edema
editor ||| editor
editor ||| editor
editorial ||| editorial
editorial ||| editorial
ego ||| ego
ego ||| ego
elite ||| elite
elite ||| elite
elixir ||| elixir
elixir ||| elixir
e-mail ||| e-mail
e-mail ||| e-mail
e-mail ||| e-mail
embargo ||| embargo
embargo ||| embargo
emir ||| emir
emoticon ||| emoticon
emu ||| emu
enema ||| enema
enema ||| enema
enigma ||| enigma
enigma ||| enigma
epi- ||| epi-
era ||| era
ergosterol ||| ergosterol
escudo ||| escudo
escudo ||| escudo
estival ||| estival
eta ||| eta
etc. ||| etc.
euro ||| euro
ex ||| ex
exabyte ||| exabyte
experimental ||| experimental
expert ||| expert
exploit ||| exploit
face ||| face
face ||| face
face ||| face
facial ||| facial
factor ||| factor
fajr ||| fajr
familiar ||| familiar
fatal ||| fatal
fatal ||| fatal
fatal ||| fatal
fatwa ||| fatwa
fauna ||| fauna
fava ||| fava
favicon ||| favicon
favor ||| favor
fax ||| fax
fecial ||| fecial
feijoa ||| feijoa
femismo ||| femismo
femoral ||| femoral
fermata ||| fermata
festival ||| festival
fetal ||| fetal
feudal ||| feudal
fiacre ||| fiacre
fiasco ||| fiasco
filial ||| filial
final ||| final
final ||| final
final ||| final
final ||| final
firewall ||| firewall
fisting ||| fisting
flamingo ||| flamingo
flora ||| flora
floral ||| floral
flush ||| flush
fluvial ||| fluvial
formal ||| formal
formal ||| formal
formal ||| formal
formal ||| formal
formal ||| formal
fossa ||| fossa
fractal ||| fractal
fractal ||| fractal
freegan ||| freegan
freelancer ||| freelancer
freestyle ||| freestyle
frontal ||| frontal
frontal ||| frontal
frugal ||| frugal
fundamental ||| fundamental
funeral ||| funeral
funk ||| funk
gala ||| gala
galactose ||| galactose
galimatias ||| galimatias
ganja ||| ganja
gastrinoma ||| gastrinoma
gastrointestinal ||| gastrointestinal
gay ||| gay
geek ||| geek
gel ||| gel
gel ||| gel
gene ||| gene
general ||| general
general ||| general
general ||| general
genial ||| genial
ghee ||| ghee
ghostwriter ||| ghostwriter
ghoul ||| ghoul
gigabyte ||| gigabyte
ginseng ||| ginseng
ginseng ||| ginseng
glasnost ||| glasnost
glaucoma ||| glaucoma
glitter ||| glitter
global ||| global
gnu ||| gnu
go ||| go
googol ||| googol
googolplex ||| googolplex
goulash ||| goulash
gourmet ||| gourmet
gourmet ||| gourmet
goy ||| goy
gringo ||| gringo
guanaco ||| guanaco
guano ||| guano
guru ||| guru
guru ||| guru
habitat ||| habitat
hacker ||| hacker
haggis ||| haggis
haiku ||| haiku
haiku ||| haiku
hajj ||| hajj
halal ||| halal
halo ||| halo
halo ||| halo
halo- ||| halo-
hamburger ||| hamburger
hamster ||| hamster
hangar ||| hangar
hardware ||| hardware
hectare ||| hectare
hecto- ||| hecto-
hehe ||| hehe
hentai ||| hentai
herpes ||| herpes
hertz ||| hertz
hetero- ||| hetero-
hexagonal ||| hexagonal
hexagonal ||| hexagonal
hibakusha ||| hibakusha
hijab ||| hijab
hippie ||| hippie
hipster ||| hipster
hiragana ||| hiragana
hit ||| hit
hobbit ||| hobbit
hobgoblin ||| hobgoblin
holo- ||| holo-
homo- ||| homo-
hooligan ||| hooligan
horizontal ||| horizontal
hospital ||| hospital
hotel ||| hotel
house ||| house
i ||| i
iBook ||| iBook
iceberg ||| iceberg
ideal ||| ideal
ideal ||| ideal
ideal ||| ideal
ideal ||| ideal
iguana ||| iguana
iguana ||| iguana
iguana ||| iguana
impala ||| impala
impasse ||| impasse
imperial ||| imperial
imperial ||| imperial
impostor ||| impostor
incidental ||| incidental
incruental ||| incruental
individual ||| individual
individual ||| individual
individual ||| individual
industrial ||| industrial
inferior ||| inferior
inferno ||| inferno
inferno ||| inferno
informal ||| informal
inquietude ||| inquietude
instrumental ||| instrumental
instrumental ||| instrumental
instrumental ||| instrumental
instrumental ||| instrumental
integral ||| integral
intelligentsia ||| intelligentsia
interface ||| interface
interface ||| interface
interface ||| interface
interface ||| interface
interface ||| interface
interior ||| interior
interior ||| interior
interior ||| interior
interior ||| interior
interior ||| interior
interlocutor ||| interlocutor
interrobang ||| interrobang
intestinal ||| intestinal
intro ||| intro
inventor ||| inventor
iota ||| iota
ipecacuanha ||| ipecacuanha
iPhone ||| iPhone
iPod ||| iPod
irregular ||| irregular
irregular ||| irregular
item ||| item
item ||| item
-itude ||| -itude
jade ||| jade
jaguar ||| jaguar
jaguarundi ||| jaguarundi
jazz ||| jazz
jazz ||| jazz
jeans ||| jeans
jihad ||| jihad
job ||| job
jogging ||| jogging
jota ||| jota
joule ||| joule
jovial ||| jovial
jugular ||| jugular
jumper ||| jumper
junta ||| junta
kaiser ||| kaiser
kana ||| kana
kanji ||| kanji
kasha ||| kasha
katakana ||| katakana
kawaii ||| kawaii
kebab ||| kebab
kelvin ||| kelvin
khagan ||| khagan
khanjar ||| khanjar
khat ||| khat
kilobyte ||| kilobyte
kirpan ||| kirpan
kitsch ||| kitsch
kitsch ||| kitsch
kolkhoz ||| kolkhoz
kosher ||| kosher
krill ||| krill
kulak ||| kulak
kumquat ||| kumquat
kuna ||| kuna
kuru ||| kuru
kyat ||| kyat
lacrimal ||| lacrimal
lacrosse ||| lacrosse
lactase ||| lactase
lactose ||| lactose
lahar ||| lahar
lama ||| lama
lambda ||| lambda
larva ||| larva
larva ||| larva
laser ||| laser
lateral ||| lateral
lateral ||| lateral
latitude ||| latitude
latitude ||| latitude
lava ||| lava
legal ||| legal
legal ||| legal
legal ||| legal
legume ||| legume
leu ||| leu
leu ||| leu
lev ||| lev
libido ||| libido
libido ||| libido
limerence ||| limerence
lingerie ||| lingerie
lintel ||| lintel
lipase ||| lipase
literal ||| literal
litotes ||| litotes
lobby ||| lobby
lobular ||| lobular
local ||| local
local ||| local
loess ||| loess
loganberry ||| loganberry
logo ||| logo
longitude ||| longitude
longitude ||| longitude
luau ||| luau
lumbago ||| lumbago
lunar ||| lunar
lux ||| lux
machismo ||| machismo
macho ||| macho
magenta ||| magenta
magma ||| magma
magnitude ||| magnitude
magnitude ||| magnitude
magnitude ||| magnitude
magnitude ||| magnitude
mahjong ||| mahjong
majlis ||| majlis
major ||| major
mamba ||| mamba
mambo ||| mambo
mambo ||| mambo
manes ||| manes
mania ||| mania
manifesto ||| manifesto
mansuetude ||| mansuetude
mantissa ||| mantissa
mantra ||| mantra
manual ||| manual
manual ||| manual
margrave ||| margrave
margrave ||| margrave
marimba ||| marimba
marina ||| marina
marketing ||| marketing
marshmallow ||| marshmallow
marsupial ||| marsupial
marsupial ||| marsupial
massacre ||| massacre
material ||| material
material ||| material
maternal ||| maternal
me ||| me
medieval ||| medieval
medieval ||| medieval
medieval ||| medieval
medieval ||| medieval
mega- ||| mega-
megabyte ||| megabyte
megalomania ||| megalomania
megatsunami ||| megatsunami
melanoma ||| melanoma
melodrama ||| melodrama
meme ||| meme
menstrual ||| menstrual
mental ||| mental
mentor ||| mentor
menu ||| menu
meso- ||| meso-
mesquite ||| mesquite
metal ||| metal
miasma ||| miasma
mica ||| mica
micro- ||| micro-
micro- ||| micro-
micro- ||| micro-
microblogging ||| microblogging
mimosa ||| mimosa
mineral ||| mineral
mineral ||| mineral
mineral ||| mineral
mineral ||| mineral
moa ||| moa
moai ||| moai
modem ||| modem
mojibake ||| mojibake
molecular ||| molecular
momo ||| momo
monitor ||| monitor
monitor ||| monitor
moonshine ||| moonshine
moral ||| moral
morna ||| morna
mortal ||| mortal
mortal ||| mortal
mortal ||| mortal
mosquito ||| mosquito
motor ||| motor
moussaka ||| moussaka
mudra ||| mudra
mufti ||| mufti
mujik ||| mujik
multicultural ||| multicultural
municipal ||| municipal
muscular ||| muscular
musical ||| musical
musical ||| musical
naan ||| naan
nadir ||| nadir
nadir ||| nadir
nasal ||| nasal
nasal ||| nasal
nasal ||| nasal
natal ||| natal
natto ||| natto
natural ||| natural
natural ||| natural
nave ||| nave
navicular ||| navicular
necro- ||| necro-
negritude ||| negritude
neuronal ||| neuronal
neutrino ||| neutrino
newton ||| newton
ninja ||| ninja
ninjutsu ||| ninjutsu
nirvana ||| nirvana
nirvana ||| nirvana
nodal ||| nodal
nominal ||| nominal
nominal ||| nominal
normal ||| normal
normal ||| normal
normal ||| normal
notebook ||| notebook
novena ||| novena
nuance ||| nuance
nuclear ||| nuclear
nuclear ||| nuclear
nuclear ||| nuclear
nylon ||| nylon
ocarina ||| ocarina
occipital ||| occipital
occipital ||| occipital
ode ||| ode
ohm ||| ohm
okara ||| okara
okroshka ||| okroshka
ombudsman ||| ombudsman
oral ||| oral
orbital ||| orbital
orbital ||| orbital
orc ||| orc
orca ||| orca
ordinal ||| ordinal
original ||| original
original ||| original
original ||| original
original ||| original
osteomalacia ||| osteomalacia
otalgia ||| otalgia
overdose ||| overdose
packet ||| packet
pager ||| pager
pan- ||| pan-
panda ||| panda
pandeiro ||| pandeiro
panorama ||| panorama
panorama ||| panorama
panorama ||| panorama
papal ||| papal
paparazzo ||| paparazzo
paranoia ||| paranoia
paranormal ||| paranormal
paranormal ||| paranormal
paraplegia ||| paraplegia
pareidolia ||| pareidolia
parental ||| parental
parietal ||| parietal
participial ||| participial
pascal ||| pascal
pastel ||| pastel
pastel ||| pastel
pastel ||| pastel
pastel ||| pastel
pataca ||| pataca
pedal ||| pedal
pedigree ||| pedigree
pelmeni ||| pelmeni
pentagonal ||| pentagonal
pentose ||| pentose
penumbra ||| penumbra
perestroika ||| perestroika
perfume ||| perfume
perineal ||| perineal
peritoneal ||| peritoneal
perpendicular ||| perpendicular
perpendicular ||| perpendicular
peso ||| peso
petabyte ||| petabyte
pi ||| pi
pi ||| pi
piano ||| piano
piano ||| piano
piercing ||| piercing
pilaf ||| pilaf
pipeline ||| pipeline
piranha ||| piranha
pita ||| pita
pixel ||| pixel
pizza ||| pizza
pizzaiolo ||| pizzaiolo
placebo ||| placebo
placenta ||| placenta
plasma ||| plasma
plasma ||| plasma
playboy ||| playboy
player ||| player
pleroma ||| pleroma
plural ||| plural
plural ||| plural
pneumonia ||| pneumonia
pogrom ||| pogrom
poltergeist ||| poltergeist
pomelo ||| pomelo
poncho ||| poncho
poodle ||| poodle
pope ||| pope
pop ||| pop
popular ||| popular
popular ||| popular
popular ||| popular
popular ||| popular
portal ||| portal
portal ||| portal
portal ||| portal
post ||| post
postal ||| postal
posterior ||| posterior
posterior ||| posterior
postural ||| postural
predecessor ||| predecessor
predecessor ||| predecessor
principal ||| principal
principal ||| principal
professor ||| professor
promo ||| promo
pronaos ||| pronaos
propaganda ||| propaganda
propfan ||| propfan
propiska ||| propiska
prosciutto ||| prosciutto
pseudo- ||| pseudo-
pseudocereal ||| pseudocereal
psi ||| psi
pudor ||| pudor
pulsar ||| pulsar
puma ||| puma
pupa ||| pupa
pus ||| pus
quadriga ||| quadriga
quantum ||| quantum
quark ||| quark
quark ||| quark
quasar ||| quasar
qubit ||| qubit
quintal ||| quintal
quiz ||| quiz
racial ||| racial
radar ||| radar
ramen ||| ramen
rancor ||| rancor
rap ||| rap
rapper ||| rapper
re- ||| re-
real ||| real
real ||| real
real ||| real
real ||| real
real ||| real
real ||| real
real ||| real
real ||| real
recall ||| recall
refill ||| refill
regime ||| regime
regime ||| regime
regime ||| regime
regional ||| regional
regular ||| regular
regular ||| regular
remix ||| remix
resistor ||| resistor
resort ||| resort
retina ||| retina
revisor ||| revisor
rial ||| rial
ringtone ||| ringtone
ritual ||| ritual
rival ||| rival
rival ||| rival
robot ||| robot
rock ||| rock
romaji ||| romaji
romance ||| romance
root ||| root
roti ||| roti
rotor ||| rotor
round ||| round
rude ||| rude
rugby ||| rugby
rum ||| rum
rumor ||| rumor
rumor ||| rumor
rural ||| rural
rutabaga ||| rutabaga
sable ||| sable
sabre ||| sabre
sabre ||| sabre
saga ||| saga
saga ||| saga
saiga ||| saiga
saliva ||| saliva
samba ||| samba
samovar ||| samovar
samurai ||| samurai
sari ||| sari
sashimi ||| sashimi
satay ||| satay
sauna ||| sauna
sawm ||| sawm
schnitzel ||| schnitzel
scrapie ||| scrapie
screenshot ||| screenshot
script ||| script
script ||| script
secular ||| secular
secular ||| secular
secular ||| secular
secular ||| secular
selfie ||| selfie
self-service ||| self-service
semi- ||| semi-
semibreve ||| semibreve
semifinal ||| semifinal
sensor ||| sensor
sentimental ||| sentimental
septicemia ||| septicemia
sequela ||| sequela
sequoia ||| sequoia
serval ||| serval
set ||| set
set ||| set
sexual ||| sexual
sexual ||| sexual
sexual ||| sexual
sexual ||| sexual
sexy ||| sexy
shalom ||| shalom
shalwar ||| shalwar
shift ||| shift
show ||| show
si ||| si
siemens ||| siemens
sievert ||| sievert
sigma ||| sigma
silicone ||| silicone
silo ||| silo
single ||| single
singleton ||| singleton
singular ||| singular
sitar ||| sitar
skinhead ||| skinhead
slide ||| slide
slide ||| slide
slogan ||| slogan
smartphone ||| smartphone
smash ||| smash
smetana ||| smetana
smog ||| smog
sniper ||| sniper
snorkel ||| snorkel
snowboard ||| snowboard
social ||| social
soda ||| soda
software ||| software
sol ||| sol
solar ||| solar
solyanka ||| solyanka
sonata ||| sonata
sonatina ||| sonatina
soul ||| soul
spa ||| spa
spam ||| spam
spam ||| spam
spoiler ||| spoiler
sputnik ||| sputnik
spyware ||| spyware
squash ||| squash
straight ||| straight
stripper ||| stripper
striptease ||| striptease
sub- ||| sub-
sublime ||| sublime
sublime ||| sublime
sudoku ||| sudoku
sultana ||| sultana
superego ||| superego
superficial ||| superficial
superficial ||| superficial
superficial ||| superficial
superior ||| superior
superior ||| superior
supernova ||| supernova
supervisor ||| supervisor
swell ||| swell
switch ||| switch
tablet ||| tablet
taiga ||| taiga
tajine ||| tajine
tandem ||| tandem
tandoor ||| tandoor
tango ||| tango
tangram ||| tangram
tapioca ||| tapioca
tar ||| tar
taro ||| taro
taro ||| taro
tau ||| tau
teaser ||| teaser
tele- ||| tele-
telega ||| telega
telemarketing ||| telemarketing
temporal ||| temporal
temporal ||| temporal
tequila ||| tequila
terabyte ||| terabyte
terminal ||| terminal
terminal ||| terminal
terminal ||| terminal
terminal ||| terminal
territorial ||| territorial
terror ||| terror
terror ||| terror
tesla ||| tesla
testicular ||| testicular
textual ||| textual
tiki-taka ||| tiki-taka
timbre ||| timbre
tiramisu ||| tiramisu
tofu ||| tofu
toga ||| toga
tomahawk ||| tomahawk
top ||| top
torpedo ||| torpedo
torpor ||| torpor
torque ||| torque
torr ||| torr
total ||| total
total ||| total
totem ||| totem
touché ||| touché
touché ||| touché
touchpad ||| touchpad
township ||| township
trailer ||| trailer
trailer ||| trailer
trance ||| trance
trans- ||| trans-
transponder ||| transponder
trauma ||| trauma
trauma ||| trauma
tremor ||| tremor
tremor ||| tremor
triangular ||| triangular
triangular ||| triangular
tribunal ||| tribunal
tricolor ||| tricolor
trifle ||| trifle
trivial ||| trivial
trivial ||| trivial
trivial ||| trivial
troika ||| troika
troll ||| troll
troll ||| troll
trombone ||| trombone
tropical ||| tropical
tropical ||| tropical
try ||| try
tsar ||| tsar
tsar ||| tsar
tsarina ||| tsarina
tsunami ||| tsunami
tuba ||| tuba
tumor ||| tumor
tundra ||| tundra
tutor ||| tutor
tweed ||| tweed
u ||| u
ukulele ||| ukulele
umlaut ||| umlaut
umlaut ||| umlaut
ummah ||| ummah
unilateral ||| unilateral
universal ||| universal
username ||| username
ushanka ||| ushanka
usual ||| usual
utopia ||| utopia
vagina ||| vagina
valet ||| valet
van ||| van
vapor ||| vapor
vapor ||| vapor
vascular ||| vascular
vector ||| vector
vector ||| vector
vectorial ||| vectorial
vegetal ||| vegetal
ventral ||| ventral
ventral ||| ventral
ventricular ||| ventricular
verbal ||| verbal
verbal ||| verbal
verbena ||| verbena
verlan ||| verlan
vernal ||| vernal
vertical ||| vertical
veto ||| veto
via ||| via
via ||| via
vibrato ||| vibrato
vicissitude ||| vicissitude
vicissitude ||| vicissitude
virtual ||| virtual
vista ||| vista
vista ||| vista
visual ||| visual
vital ||| vital
vitrine ||| vitrine
vocal ||| vocal
vocal ||| vocal
vocal ||| vocal
volt ||| volt
volume ||| volume
volume ||| volume
volume ||| volume
volume ||| volume
volume ||| volume
vulgar ||| vulgar
vulgar ||| vulgar
vuvuzela ||| vuvuzela
waffle ||| waffle
wanderlust ||| wanderlust
wasabi ||| wasabi
watt ||| watt
wiki ||| wiki
wisteria ||| wisteria
wok ||| wok
wollastonite ||| wollastonite
workaholic ||| workaholic
xi ||| xi
yakisoba ||| yakisoba
yaoi ||| yaoi
yottabyte ||| yottabyte
yuan ||| yuan
zebra ||| zebra
zebu ||| zebu
zeitgeist ||| zeitgeist
zelkova ||| zelkova
zen ||| zen
zero ||| zero
zero ||| zero
zero ||| zero
zero ||| zero
zero ||| zero
zero ||| zero
zero ||| zero
zero ||| zero
zeta ||| zeta
zeta ||| zeta
zeta ||| zeta
zettabyte ||| zettabyte
zeugma ||| zeugma
zloty ||| zloty
zodiacal ||| zodiacal
zoom ||| zoom
zoom ||| zoom
& ||| &
